{"cameraMode":{"drawMode":0,"name":"Shaded","section":"Shading Mode"},"sceneLighting":true,"audioPlay":false,"sceneViewState":{"m_AlwaysRefresh":false,"showFog":true,"showSkybox":true,"showFlares":true,"showImageEffects":true,"showParticleSystems":true,"showVisualEffectGraphs":true,"m_FxEnabled":true},"in2DMode":false,"pivot":{"x":-15.239999771118164,"y":10.491209983825684,"z":302.34503173828127},"rotation":{"x":0.000634626077953726,"y":0.707531750202179,"z":-0.0006351912161335349,"w":0.7066806554794312},"size":363.6868896484375,"orthographic":true}