{"cameraMode":{"drawMode":0,"name":"Shaded","section":"Shading Mode"},"sceneLighting":true,"audioPlay":false,"sceneViewState":{"m_AlwaysRefresh":false,"showFog":true,"showSkybox":true,"showFlares":true,"showImageEffects":true,"showParticleSystems":true,"showVisualEffectGraphs":true,"m_FxEnabled":true},"in2DMode":false,"pivot":{"x":-7.126993656158447,"y":19.636913299560548,"z":-238.33335876464845},"rotation":{"x":-0.24175450205802918,"y":0.05033737048506737,"z":-0.012514404952526093,"w":-0.968978762626648},"size":67.41653442382813,"orthographic":false}