{"cameraMode":{"drawMode":0,"name":"Shaded","section":"Shading Mode"},"sceneLighting":false,"audioPlay":false,"sceneViewState":{"m_AlwaysRefresh":false,"showFog":true,"showSkybox":false,"showFlares":true,"showImageEffects":true,"showParticleSystems":true,"showVisualEffectGraphs":true,"m_FxEnabled":true},"in2DMode":false,"pivot":{"x":20.784809112548829,"y":2.3431975841522219,"z":-0.007840156555175782},"rotation":{"x":0.21294493973255158,"y":0.19344590604305268,"z":-0.04305791109800339,"w":0.9567591547966003},"size":7.310920715332031,"orthographic":true}